{
    "volumeBG": 0.15035594999790193,
    "volumeSFX": 0.15035594999790193,
    "languageIndex": 1
}