{
    "volumeBG": 0.1692516952753067,
    "volumeSFX": 0.3898041546344757,
    "languageIndex": 4
}